Player Name,Position(s),Team(s),Debut Year,Retirement Year,PA,AVG,OBP,SLG
Tommie Aaron,First Baseman and Leftfielder,"MLN,ATL",1962,1971,1046,.229,.292,.327
Ed Abbaticchio,Second Baseman and Shortstop,"BSN,PHI,2TM,PIT",1897,1910,3480,.254,.325,.325
Henry Aaron,Rightfielder and First Baseman,"MLN,ATL,MIL",1954,1976,13941,.305,.374,.555
Charlie Abbey,Outfielder,WHS,1893,1897,1965,.281,.351,.404
Kurt Abbott,"Shortstop, Second Baseman and Third Baseman","2TM,ATL,OAK,FLA,NYM,COL",1993,2001,2227,.256,.305,.423
Brent Abernathy,Second Baseman,"KCR,2TM,TBD,MIN",2001,2005,955,.244,.297,.325
Cal Abrams,Outfielder,"BRO,2TM,BAL,CHW,CIN,PIT",1949,1956,1943,.269,.386,.392
Shawn Abner,Outfielder,"CAL,SDP,2TM,CHW",1987,1992,902,.227,.269,.323
Bobby Abreu,Rightfielder,"PHI,2TM,NYY,HOU,LAA,LAD,NYM",1996,2014,10081,.291,.395,.475
CJ Abrams,Shortstop,"SDP,WSN,2TM",2022,Not Found,2465,.253,.314,.423
Eufemio Abreu,"Catcher, Rightfielder and Third Baseman","CSW,2TM,ABC",1920,Not Found,1008,.248,.306,.332
José Abreu,First Baseman,"HOU,CHW",2014,2024,6220,.283,.345,.488
Wilyer Abreu,Rightfielder,BOS,2023,Not Found,1252,.261,.329,.457
Dustin Ackley,"Second Baseman, Leftfielder and First Baseman","2TM,SEA,NYY",2011,2016,2347,.241,.304,.367
Ronald Acuña Jr.,Rightfielder,ATL,2018,Not Found,3902,.287,.383,.518
Jerry Adair,"Second Baseman, Shortstop and Third Baseman","KCR,2TM,BAL,CHW,BOS",1958,1970,4315,.254,.292,.347
Willy Adames,Shortstop,"MIL,2TM,TBR,SFG",2018,Not Found,4603,.243,.318,.440
Bobby Adams,Third Baseman and Second Baseman,"2TM,CHC,BAL,CHW,CIN",1946,1959,4534,.269,.340,.368
Buster Adams,Centerfielder,"2TM,STL,PHI",1939,1947,2293,.266,.346,.400
Glenn Adams,"Designated Hitter, Pinch Hitter and Outfielder","TOR,MIN,SFG",1975,1982,1765,.280,.324,.398
Matt Adams,"First Baseman, Pinch Hitter and Leftfielder","STL,2TM,ATL,WSN,COL",2012,2021,2614,.258,.306,.463
Sparky Adams,"Second Baseman, Third Baseman and Shortstop","STL,CHC,2TM,CIN,PIT",1922,1934,6177,.286,.343,.353
Russ Adams,"Shortstop, Second Baseman and Third Baseman",TOR,2004,2009,993,.247,.313,.372
Joe Adcock,First Baseman and Leftfielder,"CLE,MLN,CAL,LAA,CIN",1950,1966,7305,.277,.337,.485
Bob Addy,Rightfielder and Second Baseman,"ROK,CIN,2TM,PHI,CHC,HAR,BOS",1871,1877,1251,.277,.289,.330
Jo Adell,Outfielder,LAA,2020,Not Found,1957,.225,.280,.414
Tommie Agee,Centerfielder,"STL,CLE,2TM,HOU,CHW,NYM",1962,1973,4324,.255,.320,.412
Ehire Adrianza,"Shortstop, Pinch Hitter and Third Baseman","ATL,2TM,SFG,WSN,MIN,LAA",2013,2024,1578,.237,.307,.352
Joe Agler,First Baseman and Outfielder,"BUF,WSH,2TM,BAL",1912,1915,911,.246,.359,.302
Benny Agbayani,Leftfielder,"2TM,COL,BOS,NYM",1998,2002,1255,.274,.362,.445
Jesús Aguilar,First Baseman,"MIA,CLE,2TM,BAL,OAK,MIL,TBR",2014,2023,2658,.253,.322,.446
Sam Agnew,Catcher,"WSH,SLB,BOS",1913,1919,1722,.204,.265,.253
Luis Aguayo,"Shortstop, Second Baseman and Third Baseman","PHI,2TM,NYY,CLE",1980,1989,1244,.236,.304,.393
Willie Aikens,First Baseman,"CAL,TOR,KCR",1977,1985,2856,.271,.354,.455
Nick Ahmed,Shortstop,"3TM,SFG,TEX,SDP,LAD,ARI",2014,2025,3401,.233,.286,.370
Eddie Ainsmith,Catcher,"BRO,STL,DET,WSH,2TM,NYG",1910,1924,3430,.232,.296,.324
Ozzie Albies,Second Baseman,ATL,2017,Not Found,4785,.266,.320,.453
Hanser Alberto,"Second Baseman, Third Baseman and Shortstop","KCR,BAL,TEX,LAD,CHW",2015,2023,1477,.269,.292,.381
Mike Aldrete,"Outfielder, Pinch Hitter and First Baseman","CLE,2TM,OAK,SFG,NYY,CAL,SDP,MON",1986,1996,2498,.263,.356,.377
Dale Alexander,First Baseman,"2TM,DET,BOS",1929,1933,2737,.331,.394,.497
Gary Alexander,"Catcher, Designated Hitter and Outfielder","CLE,2TM,OAK,SFG,PIT",1975,1981,1459,.230,.311,.411
Manny Alexander,"Shortstop, Second Baseman and Third Baseman","BOS,2TM,CHC,BAL,TEX,SDP,NYM",1992,2006,1387,.231,.282,.324
Ángel Alfonso,"Second Baseman, Shortstop and Third Baseman","CSW,CSE",1924,Not Found,1339,.275,.357,.396
Edgardo Alfonzo,Third Baseman and Second Baseman,"TOR,2TM,SFG,LAA,NYM",1995,2006,6108,.284,.357,.425
Jorge Alfaro,Catcher and Leftfielder,"MIA,PHI,2TM,WSN,SDP,BOS,COL",2016,Not Found,1749,.253,.301,.391
Luis Alicea,Second Baseman and Third Baseman,"KCR,STL,TEX,ANA,BOS",1988,2002,4614,.260,.346,.369
Andy Allanson,Catcher,"DET,CLE,SFG,CAL,MIL",1986,1995,1634,.240,.283,.310
Bob Allen,Shortstop,"BSN,PHI,CIN",1890,1900,2532,.241,.334,.335
Bernie Allen,Second Baseman and Third Baseman,"WSA,2TM,NYY,MON,MIN",1962,1973,3823,.239,.314,.357
Chad Allen,Leftfielder,"TEX,FLA,MIN,CLE",1999,2005,928,.269,.321,.389
Dick Allen,"First Baseman, Third Baseman and Leftfielder","STL,PHI,OAK,LAD,CHW",1963,1977,7315,.292,.378,.534
Ethan Allen,Outfielder,"SLB,STL,2TM,PHI,CHC,NYG,CIN",1926,1938,4766,.300,.336,.410
Hank Allen,"Outfielder, Pinch Hitter and Third Baseman","WSA,2TM,MIL,CHW",1966,1973,939,.241,.281,.312
Nick Allen,Shortstop and Second Baseman,"ATL,OAK,HOU",2022,Not Found,1246,.215,.266,.275
Newt Allen,"Second Baseman, Shortstop and Third Baseman","SLS,KCM,2TM,CAG",1923,Not Found,4133,.285,.343,.373
Gary Allenson,Catcher,"TOR,BOS",1979,1985,1222,.221,.307,.325
Gene Alley,Shortstop and Second Baseman,PIT,1963,1973,4332,.254,.310,.354
Jermaine Allensworth,Centerfielder,"3TM,KCR,2TM,NYM,PIT",1996,1999,1190,.260,.339,.367
Doug Allison,Catcher and Rightfielder,"NYU,2TM,BAL,HAR,PRO,ECK,TRO,RES,OLY",1871,1883,1431,.271,.284,.321
Bob Allison,Outfielder and First Baseman,"WSH,MIN",1958,1970,5924,.255,.358,.471
Bill Almon,"Shortstop, Third Baseman and Leftfielder","2TM,PHI,OAK,SDP,MON,CHW,NYM,PIT",1974,1988,3659,.254,.305,.343
Mel Almada,Centerfielder,"SLB,BRO,2TM,WSH,BOS",1933,1939,2737,.284,.342,.367
Abraham Almonte,Outfielder,"KCR,NYM,SEA,CLE,2TM,ATL,SDP,BOS,ARI",2013,2023,1379,.233,.300,.371
Albert Almora,Centerfielder,"CIN,CHC,NYM",2016,2022,1605,.259,.300,.383
Roberto Alomar,Second Baseman,"TOR,CLE,2TM,BAL,SDP,CHW,NYM,ARI",1988,2004,10400,.300,.371,.443
Sandy Alomar,Second Baseman and Shortstop,"MLN,ATL,2TM,NYY,CAL,TEX,CHW,NYM",1964,1978,5160,.245,.290,.288
Yonder Alonso,First Baseman,"SEA,CLE,2TM,OAK,SDP,CHW,CIN,COL",2010,2019,3773,.259,.332,.404
Sandy Alomar,Catcher,"CLE,2TM,TEX,SDP,LAD,CHW,NYM,COL",1988,2007,4865,.273,.309,.406
Jesús Alou,Outfielder,"2TM,OAK,HOU,SFG,NYM",1963,1979,4577,.280,.305,.353
Moisés Alou,Outfielder,"2TM,CHC,HOU,FLA,SFG,MON,NYM,PIT",1990,2008,7913,.303,.369,.516
Felipe Alou,Outfielder and First Baseman,"MLN,ATL,2TM,OAK,SFG,NYY,MON,MIL",1958,1974,7908,.286,.328,.433
Pete Alonso,First Baseman,"BAL,NYM",2019,Not Found,4640,.253,.340,.513
Whitey Alpermann,"Second Baseman, Shortstop and Third Baseman",BRO,1906,1909,1759,.237,.268,.331
Matty Alou,Outfielder and First Baseman,"STL,2TM,OAK,SFG,NYY,SDP,PIT",1960,1974,6220,.307,.345,.381
Aaron Altherr,Outfielder,"3TM,PHI,SFG,NYM",2014,2019,1156,.219,.307,.401
Dave Altizer,"Shortstop, Outfielder and First Baseman","CLE,WSH,2TM,CHW,CIN",1906,1911,1998,.250,.318,.302
George Altman,Outfielder and First Baseman,"CHC,STL,NYM",1959,1967,3420,.269,.329,.432
Jose Altuve,Second Baseman,HOU,2011,Not Found,8922,.301,.359,.464
Luis Alvarado,"Shortstop, Second Baseman and Third Baseman","3TM,NYM,STL,DET,CLE,2TM,CHW,BOS",1968,1977,1231,.214,.247,.271
Francisco Alvarez,Catcher,NYM,2022,Not Found,1211,.233,.309,.426
Pedro Álvarez,Third Baseman and First Baseman,"BAL,PIT",2010,2018,3321,.236,.310,.447
Yordan Alvarez,Designated Hitter and Leftfielder,HOU,2019,Not Found,3194,.299,.393,.580
Max Alvis,Third Baseman,"MIL,CLE",1962,1970,3984,.247,.302,.390
Billy Alvord,Third Baseman,"TOL,2TM,KCC,SLM,WAS,CLV",1885,1893,1114,.253,.283,.346
Joey Amalfitano,Second Baseman and Third Baseman,"CHC,SFG,HOU,NYG",1954,1967,1938,.244,.320,.321
Brant Alyea,Leftfielder and Pinch Hitter,"STL,WSA,2TM,OAK,MIN",1965,1972,982,.247,.326,.421
Alexi Amarista,"Shortstop, Outfielder and Second Baseman","SDP,2TM,COL,LAA",2011,2017,1901,.231,.275,.323
Rich Amaral,"Outfielder, Second Baseman and Third Baseman","SEA,BAL",1991,2000,2022,.276,.344,.351
Rubén Amaro Sr.,"Shortstop, First Baseman and Third Baseman","STL,PHI,NYY,CAL",1958,1969,2451,.234,.309,.292
Rubén Amaro Jr.,Outfielder and Pinch Hitter,"CAL,PHI,CLE",1991,1998,1051,.235,.310,.353
Alfredo Amézaga,"Centerfielder, Shortstop and Second Baseman","2TM,FLA,ANA,COL,PIT",2002,2011,1570,.247,.307,.333
Sandy Amorós,Leftfielder and Pinch Hitter,"BRO,DET,2TM,LAD",1952,1960,1561,.255,.361,.430
Brady Anderson,Outfielder,"2TM,CLE,BAL,BOS",1988,2002,7737,.256,.362,.425
Brian Anderson,Third Baseman and Rightfielder,"ATL,MIL,MIA",2017,2024,2527,.251,.336,.403
Dave Anderson,"Shortstop, Third Baseman and Second Baseman","LAD,SFG",1983,1992,2287,.242,.312,.318
Garret Anderson,Leftfielder,"ATL,CAL,ANA,LAA,LAD",1994,2010,9177,.293,.324,.461
George Anderson,Outfielder,"BTT,STL",1914,1918,1140,.287,.359,.375
Harry Anderson,Leftfielder and First Baseman,"PHI,2TM,CIN",1957,1961,1786,.264,.334,.450
Jim Anderson,"Shortstop, Third Baseman and Second Baseman","CAL,TEX,SEA",1978,1984,1091,.218,.280,.298
John Anderson,Outfielder and First Baseman,"BRO,SLB,WHS,2TM,WSH,NYY,MLA,CHW",1894,1908,6785,.290,.329,.405
Marlon Anderson,"Second Baseman, Pinch Hitter and Outfielder","STL,PHI,2TM,TBD,WSN,LAD,NYM",1998,2009,3508,.265,.314,.391
Mike Anderson,Rightfielder,"PHI,BAL,STL",1971,1979,1675,.246,.319,.362
Tim Anderson,Shortstop,"LAA,MIA,CHW",2016,2025,4139,.276,.307,.407
Robert Andino,"Second Baseman, Shortstop and Third Baseman","SEA,MIA,BAL,FLA",2005,2016,1491,.233,.294,.318
Ed Andrews,Outfielder and Second Baseman,"CKK,PHI,2TM,BWW,IND",1884,1891,3436,.257,.301,.320
Jabbo Andrews,Outfielder,"3TM,JRC,AB2,NYC,CAG,2TM,MRS,SEN,IAB,CBB,BBB",1930,Not Found,1128,.298,.353,.454
Mike Andrews,Second Baseman and First Baseman,"2TM,OAK,CHW,BOS",1966,1973,3685,.258,.353,.369
Shane Andrews,Third Baseman and First Baseman,"2TM,CHC,MON,BOS",1995,2002,1924,.220,.298,.421
Rob Andrews,Second Baseman,"SFG,HOU",1975,1979,1643,.251,.318,.298
Elvis Andrus,Shortstop,"TEX,2TM,OAK,CHW",2009,2023,8603,.269,.325,.370
Miguel Andujar,Third Baseman and Leftfielder,"ATH,2TM,NYY,OAK,SDP,CIN,PIT",2017,Not Found,1978,.279,.312,.438
Rick Ankiel,Centerfielder and Pitcher,"KCR,STL,2TM,ATL,HOU,WSN,NYM",1999,2013,2115,.240,.302,.422
Eric Anthony,Rightfielder,"SEA,2TM,HOU,LAD,CIN,COL",1989,1997,2244,.231,.305,.397
Cap Anson,"First Baseman, Third Baseman and Catcher","CHC,ATH,ROK",1871,1897,11331,.334,.394,.447
Nori Aoki,Outfielder,"KCR,3TM,SEA,TOR,2TM,SFG,HOU,MIL,NYM",2012,2017,3044,.285,.350,.387
Luis Aparicio,Shortstop,"BAL,CHW,BOS",1956,1973,11231,.262,.311,.343
Luke Appling,Shortstop and Third Baseman,CHW,1930,1950,10254,.310,.399,.398
Jonathan Aranda,First Baseman and Second Baseman,TBR,2022,Not Found,1061,.275,.363,.443
Jimmy Archer,Catcher and First Baseman,"3TM,BRO,DET,CHC,CIN,PIT",1904,1918,2883,.249,.288,.333
Oswaldo Arcia,Outfielder,"MIA,2TM,4TM,MIN,TBR,SDP",2013,2016,1075,.235,.298,.422
Orlando Arcia,Shortstop and Second Baseman,"2TM,ATL,MIN,MIL,COL",2016,Not Found,3587,.240,.292,.369
Nolan Arenado,Third Baseman,"COL,STL,ARI",2013,Not Found,7779,.281,.338,.503
Alex Arias,"Shortstop, Pinch Hitter and Third Baseman","CHC,PHI,NYY,FLA,SDP",1992,2002,2010,.265,.338,.350
J.P. Arencibia,Catcher and First Baseman,"TEX,TBR,TOR",2010,2015,1687,.212,.258,.412
Hank Arft,First Baseman,SLB,1948,1952,1056,.253,.352,.375
Gabriel Arias,"Shortstop, Third Baseman and First Baseman",CLE,2022,Not Found,1070,.216,.274,.359
Joaquín Árias,"Third Baseman, Second Baseman and Shortstop","2TM,SFG,TEX,NYM",2006,2015,1118,.265,.293,.350
Tony Armas,Outfielder,"CAL,PIT,OAK,BOS",1976,1989,5502,.252,.287,.453
Harry Arndt,"Second Baseman, Rightfielder and Third Baseman","STL,DET,2TM,BLA",1902,1907,1096,.248,.312,.333
Randy Arozarena,Leftfielder,"2TM,TBR,STL,SEA",2019,Not Found,3661,.254,.346,.435
Morrie Arnovich,Leftfielder,"PHI,2TM,NYG,CIN",1936,1946,2231,.287,.350,.383
Luis Arraez,"Second Baseman, First Baseman and Third Baseman","MIA,2TM,SFG,SDP,MIN",2019,Not Found,3849,.318,.363,.417
Christian Arroyo,"Second Baseman, Third Baseman and Shortstop","CLE,2TM,SFG,TBR,BOS",2017,Not Found,992,.252,.299,.394
Cody Asche,Third Baseman and Leftfielder,"PHI,CHW",2013,2017,1349,.234,.293,.376
Richie Ashburn,Centerfielder,"PHI,CHC,NYM",1948,1962,9737,.308,.396,.382
Alan Ashby,Catcher,"HOU,TOR,CLE",1973,1989,4699,.245,.320,.361
Ken Aspromonte,Second Baseman and Third Baseman,"CLE,MLN,2TM,WSH,CHC,LAA,BOS",1957,1963,1691,.249,.330,.338
Bob Aspromonte,"Third Baseman, Leftfielder and Shortstop","BRO,ATL,HOU,LAD,NYM",1956,1971,4799,.252,.308,.336
Joe Astroth,Catcher,"PHA,KCA",1945,1956,1791,.254,.334,.324
Garrett Atkins,Third Baseman and First Baseman,"COL,BAL",2003,2010,3273,.285,.350,.449
Toby Atwell,Catcher,"MLN,CHC,2TM,PIT",1952,1956,1305,.260,.355,.333
Bill Atwood,Catcher,PHI,1936,1940,1070,.229,.299,.302
Rick Auerbach,"Shortstop, Second Baseman and Third Baseman","SEA,MIL,LAD,CIN",1971,1981,1567,.220,.286,.286
Rich Aurilia,"Shortstop, First Baseman and Third Baseman","SEA,2TM,SFG,SDP,CIN",1995,2009,6278,.275,.328,.433
Frank Austin,Shortstop,,1944,Not Found,1144,.343,.404,.441
Brad Ausmus,Catcher,"DET,2TM,HOU,SDP,LAD",1993,2010,7102,.251,.325,.344
Jimmy Austin,Third Baseman and Shortstop,"SLB,NYY",1909,1929,6319,.246,.326,.314
Earl Averill,"Catcher, Pinch Hitter and Leftfielder","CLE,CHC,2TM,PHI,LAA,CHW",1956,1963,1218,.242,.346,.409
Earl Averill,Centerfielder,"BSN,2TM,DET,CLE",1929,1941,7221,.318,.395,.534
Alex Avila,Catcher and First Baseman,"DET,2TM,CHC,WSN,MIN,CHW,ARI",2009,2021,3638,.233,.348,.393
Mike Aviles,"Shortstop, Second Baseman and Third Baseman","KCR,DET,MIA,CLE,2TM,BOS",2008,2017,3234,.261,.295,.376
Bobby Ávila,Second Baseman and Third Baseman,"3TM,CLE,MLN,2TM,BAL,BOS",1949,1959,5344,.281,.359,.388
Erick Aybar,Shortstop and Second Baseman,"DET,2TM,ATL,SDP,LAA",2006,2017,5628,.271,.313,.372
Benny Ayala,"Pinch Hitter, Leftfielder and Designated Hitter","STL,CLE,BAL,NYM",1974,1985,951,.251,.305,.434
Willy Aybar,"Third Baseman, Designated Hitter and Second Baseman","2TM,ATL,TBR,LAD",2005,2010,1390,.258,.341,.399
Joe Azcue,Catcher,"3TM,BOS,CLE,KCA,2TM,CAL,MIL,CIN",1960,1972,3095,.252,.304,.344
Charlie Babb,"Shortstop, First Baseman and Third Baseman","NYG,BRO",1903,1905,1376,.243,.339,.300
Wally Backman,Second Baseman and Third Baseman,"SEA,PHI,MIN,NYM,PIT",1980,1993,3708,.275,.349,.339
Akil Baddoo,Leftfielder,DET,2021,Not Found,1143,.224,.305,.369
Harrison Bader,Centerfielder,"STL,CIN,2TM,PHI,NYY,SFG,MIN,NYM",2017,Not Found,3157,.244,.309,.400
Carlos Baerga,Second Baseman and Third Baseman,"BOS,CLE,2TM,SDP,WSN,NYM,ARI",1990,2005,5895,.291,.332,.423
Javier Báez,"Shortstop, Second Baseman and Third Baseman","CHC,2TM,DET,NYM",2014,Not Found,5200,.252,.292,.433
Jeff Bagwell,First Baseman,HOU,1991,2005,9431,.297,.408,.540
Bob Bailey,"Third Baseman, Leftfielder and First Baseman","BOS,2TM,MON,LAD,CIN,PIT",1962,1978,7043,.257,.347,.403
Ed Bailey,Catcher,"MLN,2TM,CHC,SFG,CAL,CIN",1953,1966,4212,.256,.355,.429
Patrick Bailey,Catcher,"2TM,SFG,CLE",2023,Not Found,1400,.222,.279,.329
Bob Bailor,"Outfielder, Shortstop and Second Baseman","LAD,BAL,TOR,NYM",1975,1985,3206,.264,.310,.325
Mark Bailey,Catcher,"SFG,HOU",1984,1992,1126,.220,.337,.337
Harold Baines,Designated Hitter and Rightfielder,"CLE,2TM,BAL,OAK,TEX,CHW",1980,2001,11092,.289,.356,.465
Doug Baird,"Third Baseman, Outfielder and Second Baseman","3TM,BRO,STL,2TM,PHI,NYG,PIT",1915,1920,2355,.234,.291,.326
Floyd Baker,"Third Baseman, Second Baseman and Shortstop","SLB,WSH,2TM,PHI,CHW,BOS",1943,1955,2694,.251,.360,.297
Dusty Baker,Outfielder,"ATL,OAK,LAD,SFG",1968,1986,8022,.278,.347,.432
Home Run Baker,Third Baseman,"PHA,NYY",1908,1922,6677,.307,.363,.442
Gene Baker,"Second Baseman, Third Baseman and Shortstop","KCM,CHC,2TM,PIT",1948,1961,2691,.263,.320,.388
John Baker,Catcher,"SDP,CHC,FLA",2008,2014,1228,.247,.330,.341
Jeff Baker,"Pinch Hitter, Second Baseman and First Baseman","3TM,DET,MIA,2TM,CHC,ATL,TEX,COL",2005,2015,1958,.264,.318,.432
Paul Bako,Catcher,"3TM,KCR,DET,ATL,CHC,PHI,BAL,HOU,FLA,MIL,LAD,CIN",1998,2009,2471,.231,.305,.318
Rocco Baldelli,Centerfielder,"TBD,TBR,BOS",2003,2010,2065,.278,.323,.443
Steve Balboni,First Baseman and Designated Hitter,"KCR,SEA,2TM,NYY,TEX",1981,1993,3440,.229,.293,.451
Kid Baldwin,"Catcher, Outfielder and Third Baseman","CPI,2TM,KCC,CIN,PHA",1884,1890,1726,.221,.243,.299
Neal Ball,"Shortstop, Second Baseman and Third Baseman","2TM,BOS,NYY,CLE",1907,1913,1807,.250,.295,.314
Dave Bancroft,Shortstop,"BRO,BSN,PHI,2TM,NYG",1915,1930,8250,.279,.355,.358
Chris Bando,Catcher,"2TM,DET,OAK,CLE",1981,1989,1467,.227,.300,.329
Sal Bando,Third Baseman,"KCA,MIL,OAK",1966,1981,8289,.254,.352,.408
Fred Bankhead,"Second Baseman, Third Baseman and Shortstop","NBY,BBB,2TM,MRS",1937,Not Found,1193,.259,.331,.313
Sam Bankhead,"Shortstop, Outfielder and Second Baseman","3TM,2TM,LVB,NEG,BBB,CBE",1932,Not Found,2881,.284,.353,.376
Ernie Banks,First Baseman and Shortstop,CHC,1953,1971,10396,.274,.330,.500
Alan Bannister,"Outfielder, Second Baseman and Shortstop","CLE,PHI,2TM,HOU,TEX,CHW",1974,1985,3373,.270,.334,.355
Jimmy Bannon,Rightfielder,"BSN,STL",1893,1896,1627,.320,.389,.446
Walter Barbare,"Third Baseman, Shortstop and Second Baseman","CLE,BSN,BOS,PIT",1914,1922,1954,.260,.297,.315
Rod Barajas,Catcher,"TOR,PHI,2TM,TEX,LAD,NYM,PIT,ARI",1999,2012,3784,.235,.284,.407
Turner Barber,Outfielder and First Baseman,"WSH,BRO,CHC",1915,1923,1713,.289,.343,.351
Bret Barberie,"Second Baseman, Third Baseman and Shortstop","CHC,MON,BAL,FLA",1991,1996,1660,.271,.356,.363
George Barclay,Leftfielder,"BSN,2TM,STL",1902,1905,1645,.248,.286,.298
Josh Bard,Catcher,"SEA,CLE,2TM,WSN,SDP,BOS",2002,2011,1981,.254,.320,.385
Jesse Barfield,Rightfielder,"2TM,NYY,TOR",1981,1992,5394,.256,.335,.466
Josh Barfield,Second Baseman,"SDP,CLE",2006,2009,1075,.264,.295,.375
Marvin Barker,"Outfielder, Third Baseman and Second Baseman","2TM,NBY",1935,Not Found,1724,.255,.303,.345
Sam Barkley,Second Baseman and First Baseman,"PIT,KCC,STL,TOL",1884,1889,2517,.258,.314,.359
Austin Barnes,Catcher and Second Baseman,LAD,2015,2025,1757,.223,.322,.338
Clint Barmes,Shortstop and Second Baseman,"SDP,COL,PIT,HOU",2003,2015,4167,.245,.294,.379
Brandon Barnes,Outfielder,"COL,HOU,CLE",2012,2018,1274,.242,.290,.357
Red Barnes,Centerfielder and Pinch Hitter,"WSH,2TM,CHW",1927,1930,952,.269,.347,.404
Ross Barnes,Second Baseman and Shortstop,"BOS,BSN,CHC,CIN",1871,1881,2507,.360,.389,.468
Darwin Barney,"Second Baseman, Third Baseman and Shortstop","CHC,2TM,LAD,TOR",2010,2017,2759,.246,.294,.341
Clyde Barnhart,Outfielder and Third Baseman,PIT,1920,1928,3050,.295,.360,.416
Tucker Barnhart,Catcher,"DET,CHC,TEX,CIN,ARI",2014,2025,3103,.241,.318,.351
Bernardo Baró,Outfielder and First Baseman,"CSW,CSE",1920,Not Found,1600,.306,.363,.398
Bill Barrett,"Rightfielder, Shortstop and Second Baseman","2TM,WSH,CHW,BOS,PHA",1921,1930,2702,.288,.347,.405
Jimmy Barrett,Centerfielder,"BOS,DET,CIN",1899,1908,3863,.291,.379,.359
Johnny Barrett,Outfielder,"BSN,2TM,PIT",1942,1946,2108,.251,.349,.369
Marty Barrett,Second Baseman,"SDP,BOS",1982,1991,3833,.278,.337,.347
Michael Barrett,Catcher and Third Baseman,"TOR,CHC,2TM,SDP,MON",1998,2009,3873,.263,.320,.422
John Barry,"Outfielder, First Baseman and Second Baseman","STL,WHS,BSN,2TM,CHC,PHI,NYG,CIN",1899,1908,4481,.267,.321,.330
Jack Barry,Shortstop and Second Baseman,"2TM,PHA,BOS",1908,1919,4924,.243,.321,.303
Joey Bart,Catcher,"PIT,SFG",2020,Not Found,1179,.240,.319,.369
Dick Bartell,"Shortstop, Third Baseman and Second Baseman","DET,PHI,CHC,2TM,NYG,PIT",1927,1946,8745,.284,.355,.391
Bob Barton,Catcher,"SDP,SFG,CIN",1965,1974,1153,.226,.287,.287
Jason Bartlett,Shortstop,"SDP,MIN,TBR",2004,2014,3521,.270,.336,.366
Daric Barton,First Baseman,OAK,2007,2014,2085,.247,.356,.365
Kevin Bass,Rightfielder,"2TM,BAL,SFG,HOU,MIL,NYM",1982,1995,5291,.270,.323,.411
Johnny Bassler,Catcher,"DET,CLE",1913,1927,2867,.304,.416,.361
Charley Bassett,"Second Baseman, Third Baseman and Shortstop","2TM,PRO,NYG,KCN,IND,LOU",1884,1892,3759,.231,.285,.304
Charlie Bastian,"Shortstop, Second Baseman and Third Baseman","CKK,2TM,CHC,PHI,KCC,CHI,WIL",1884,1891,2000,.189,.268,.264
Emil Batch,Third Baseman and Leftfielder,BRO,1904,1907,1361,.251,.290,.334
John Bateman,Catcher,"PHI,2TM,MON,HOU",1963,1972,3585,.230,.271,.350
Johnny Bates,Outfielder,"3TM,BSN,2TM,PHI,CHC,BAL,CIN",1906,1914,4609,.278,.367,.377
Tony Batista,"Third Baseman, Shortstop and Second Baseman","TOR,2TM,BAL,OAK,WSN,MON,MIN,ARI",1996,2007,4959,.251,.299,.453
Earl Battey,Catcher,"WSH,MIN,CHW",1955,1967,4105,.270,.349,.409
Joe Battin,Third Baseman and Second Baseman,"3TM,ATH,STL,SYR,CLE,CPI,2TM,BLU,PIT",1871,1890,1994,.225,.241,.281
Brett Baty,"Third Baseman, Second Baseman and Rightfielder",NYM,2022,Not Found,1279,.231,.297,.361
Hank Bauer,Rightfielder,"KCA,NYY",1948,1961,5778,.277,.346,.439
Matt Batts,Catcher,"SLB,DET,CIN,2TM,CHW,BOS",1947,1956,1772,.269,.329,.391
Jake Bauers,First Baseman and Outfielder,"SEA,CLE,2TM,NYY,TBR,MIL",2018,Not Found,2212,.218,.315,.381
Paddy Baumann,"Second Baseman, Third Baseman and Outfielder","DET,NYY",1911,1917,1028,.274,.340,.350
Frank Baumholtz,Outfielder,"2TM,CHC,PHI,CIN",1947,1957,3810,.290,.342,.389
Danny Bautista,Outfielder,"DET,2TM,ATL,FLA,ARI",1993,2004,2718,.272,.315,.409
José Bautista,Rightfielder and Third Baseman,"3TM,KCR,TOR,2TM,ATL,PHI,BAL,TBD,4TM,NYM,PIT",2004,2018,7244,.247,.361,.475
Harry Bay,Centerfielder,"2TM,CLE,CIN",1901,1908,2968,.273,.328,.336
Jason Bay,Leftfielder,"BOS,SEA,2TM,SDP,NYM,PIT",2003,2013,5258,.266,.360,.481
Don Baylor,"Designated Hitter, Leftfielder and First Baseman","2TM,NYY,BAL,OAK,CAL,MIN,BOS",1970,1988,9401,.260,.342,.436
Ollie Beard,Shortstop and Third Baseman,"LOU,CIN",1889,1891,1423,.270,.330,.357
Ginger Beaumont,Centerfielder,"BSN,CHC,PIT",1899,1910,6314,.311,.362,.393
George Bechtel,Rightfielder and Pitcher,"ATH,NYU,PHI,2TM,CEN,LOU",1871,1876,1062,.277,.292,.355
Erve Beck,"Second Baseman, First Baseman and Rightfielder","BRO,DET,CLE,2TM,CIN",1899,1902,955,.291,.315,.390
Clyde Beck,"Third Baseman, Second Baseman and Shortstop","CHC,CIN",1926,1931,1758,.232,.317,.307
Fred Beck,First Baseman and Outfielder,"BSN,2TM,PHI,CIN,CHI",1909,1915,2335,.252,.301,.360
Zinn Beck,Third Baseman and Shortstop,"STL,NYY",1913,1918,998,.226,.279,.307
Beals Becker,Outfielder,"BSN,2TM,PHI,NYG,CIN,PIT",1908,1915,3108,.276,.335,.397
Rich Becker,Outfielder,"DET,2TM,BAL,OAK,MIN,MIL,NYM",1993,2000,2624,.256,.358,.372
Jake Beckley,First Baseman,"STL,2TM,NYG,CIN,PBB,PIT",1888,1907,10520,.308,.361,.436
Glenn Beckert,Second Baseman,"SDP,CHC",1965,1975,5572,.283,.318,.345
Gordon Beckham,"Second Baseman, Third Baseman and Shortstop","SEA,DET,2TM,ATL,SFG,LAA,CHW",2009,2019,3782,.237,.300,.367
Tim Beckham,"Shortstop, Second Baseman and Third Baseman","SEA,2TM,BAL,MIN,TBR",2013,2022,1776,.246,.299,.426
John Beckwith,"Third Baseman, Shortstop and First Baseman","NLG,CAG,2TM,COG,NWB,HBG,BBS",1920,Not Found,2000,.348,.402,.580
Julio Becquer,Pinch Hitter and First Baseman,"WSH,2TM,MIN,LAA",1955,1963,1029,.244,.276,.352
Ed Beecher,Outfielder,"BUF,WHS,2TM,WAS,PHA,PIT",1887,1891,1276,.273,.322,.363
Mark Belanger,Shortstop,"LAD,BAL",1965,1982,6602,.228,.300,.280
Ollie Bejma,"Second Baseman, Shortstop and Third Baseman","SLB,CHW",1934,1939,1066,.245,.343,.354
Beau Bell,Rightfielder and First Baseman,"2TM,SLB,DET,CLE",1935,1941,3023,.297,.362,.432
Cool Papa Bell,Centerfielder and Pitcher,"SLS,CAG,2TM",1922,Not Found,5521,.324,.396,.448
David Bell,Third Baseman and Second Baseman,"3TM,SEA,STL,CLE,2TM,PHI,SFG,MIL",1995,2006,5380,.257,.320,.396
Buddy Bell,Third Baseman and Outfielder,"CLE,2TM,HOU,TEX,CIN",1972,1989,10009,.279,.341,.406
Derek Bell,Outfielder,"TOR,HOU,SDP,NYM,PIT",1991,2001,5068,.276,.336,.421
George Bell,Leftfielder,"CHW,CHC,TOR",1981,1993,6592,.278,.316,.469
Gus Bell,Outfielder,"MLN,CIN,2TM,NYM,PIT",1950,1964,7073,.281,.330,.445
Jay Bell,Shortstop and Second Baseman,"KCR,CLE,NYM,PIT,ARI",1986,2003,8525,.265,.343,.416
Josh Bell,First Baseman and Designated Hitter,"MIA,CLE,2TM,WSN,SDP,MIN,PIT,ARI",2016,Not Found,5444,.255,.339,.440
Juan Bell,Second Baseman and Shortstop,"PHI,2TM,BAL,MON,MIL,BOS",1989,1995,940,.212,.284,.298
Les Bell,Third Baseman and Shortstop,"BSN,CHC,STL",1923,1931,3629,.290,.346,.438
Albert Belle,Leftfielder,"BAL,CHW,CLE",1989,2000,6676,.295,.369,.564
Ronnie Belliard,"Second Baseman, Third Baseman and First Baseman","STL,CLE,2TM,WSN,MIL,LAD,COL",1998,2010,5641,.273,.338,.415
Rafael Belliard,Shortstop and Second Baseman,"ATL,PIT",1982,1998,2524,.221,.270,.259
Cody Bellinger,Outfielder and First Baseman,"CHC,LAD,NYY",2017,Not Found,5073,.262,.336,.483
Mark Bellhorn,"Second Baseman, Third Baseman and First Baseman","CIN,CHC,2TM,OAK,NYY,SDP,BOS,COL",1997,2007,2491,.230,.341,.394
Carlos Beltrán,Centerfielder,"KCR,STL,2TM,NYY,SFG,HOU,TEX,NYM",1998,2017,11031,.279,.350,.486
Adrian Beltré,Third Baseman,"TEX,SEA,LAD,BOS",1998,2018,12130,.286,.339,.480
Brandon Belt,First Baseman and Leftfielder,"TOR,SFG",2011,2023,5483,.261,.357,.460
Johnny Bench,"Catcher, Third Baseman and First Baseman",CIN,1967,1983,8674,.267,.342,.476
Harry Bemis,Catcher and First Baseman,CLE,1902,1910,2415,.255,.292,.329
Marvin Benard,Outfielder,SFG,1995,2003,2945,.271,.343,.402
Bruce Benedict,Catcher,ATL,1978,1989,3295,.242,.320,.299
Juan Beníquez,Outfielder and First Baseman,"KCR,SEA,TOR,2TM,NYY,BAL,TEX,CAL,BOS",1971,1988,5151,.274,.327,.379
Benny Bengough,Catcher,"SLB,NYY",1923,1932,1208,.255,.295,.317
Andrew Benintendi,Leftfielder,"KCR,2TM,NYY,CHW,BOS",2016,Not Found,5005,.266,.335,.417
Jerry Benjamin,Centerfielder and Second Baseman,"3TM,NYC,2TM,MRS,NBY,CBE",1932,Not Found,3482,.296,.365,.388
Mike Benjamin,"Shortstop, Third Baseman and Second Baseman","PHI,SFG,BOS,PIT",1989,2002,2124,.229,.277,.339
Charlie Bennett,Catcher and Outfielder,"WOR,BSN,MLG,DTN",1878,1893,4310,.256,.340,.387
Gary Bennett,Catcher,"3TM,STL,PHI,WSN,SDP,MIL,LAD,NYM,COL",1995,2008,1876,.241,.302,.328
Herschel Bennett,Outfielder and Pinch Hitter,SLB,1923,1927,971,.276,.327,.376
Pug Bennett,Second Baseman,STL,1906,1907,1035,.248,.312,.297
Gene Benson,Centerfielder,"2TM,PBG",1934,Not Found,2445,.293,.352,.383
Will Benson,Outfielder,"CIN,CLE",2022,Not Found,1145,.221,.302,.410
Todd Benzinger,First Baseman and Outfielder,"KCR,BOS,2TM,SFG,LAD,CIN",1987,1995,3106,.257,.301,.386
Johnny Berardino,"Second Baseman, Shortstop and Third Baseman","SLB,CLE,2TM,PIT",1939,1952,3357,.249,.316,.355
Lou Berberet,Catcher,"DET,WSH,2TM,NYY,BOS",1954,1960,1449,.230,.337,.350
Dave Berg,"Second Baseman, Shortstop and Third Baseman","TOR,FLA",1998,2004,1781,.269,.328,.373
Bill Bergen,Catcher,"BRO,CIN",1901,1911,3234,.170,.194,.201
Moe Berg,Catcher and Shortstop,"BRO,CLE,WSH,2TM,CHW,BOS",1923,1939,1962,.243,.278,.299
Marty Bergen,Catcher,BSN,1896,1899,1357,.265,.299,.347
Boze Berger,"Second Baseman, Shortstop and Third Baseman","BOS,CHW,CLE",1932,1939,1267,.236,.296,.329
Wally Berger,Centerfielder,"BSN,2TM,PHI,NYG,CIN",1930,1940,5666,.300,.359,.522
Peter Bergeron,Centerfielder,MON,1999,2004,1256,.226,.303,.308
Marty Berghammer,Shortstop and Second Baseman,"PBS,CHW,CIN",1911,1915,925,.233,.335,.275
Dave Bergman,"First Baseman, Pinch Hitter and Leftfielder","DET,2TM,NYY,SFG,HOU",1975,1992,3114,.258,.348,.367
Lance Berkman,Outfielder and First Baseman,"STL,2TM,NYY,HOU,TEX",1999,2013,7814,.293,.406,.537
Roger Bernadina,Outfielder,"2TM,PHI,WSN,LAD,CIN",2008,2014,1480,.236,.307,.354
Tony Bernazard,Second Baseman,"SEA,DET,CLE,2TM,OAK,MON,CHW",1979,1991,4243,.262,.339,.387
Dale Berra,Shortstop and Third Baseman,"HOU,PIT,NYY",1977,1987,2853,.236,.294,.344
Yogi Berra,Catcher and Outfielder,"NYY,NYM",1946,1965,8364,.285,.348,.482
Ray Berres,Catcher,"BRO,BSN,2TM,NYG,PIT",1934,1945,1442,.216,.260,.255
Ángel Berroa,Shortstop,"KCR,2TM,NYY,LAD,NYM",2001,2009,2807,.258,.303,.374
Gerónimo Berroa,Designated Hitter and Rightfielder,"DET,TOR,CLE,ATL,2TM,OAK,BAL,FLA,LAD,CIN",1989,2000,2825,.276,.349,.449
Charlie Berry,Catcher,"2TM,CHW,BOS,PHA",1925,1938,2217,.267,.322,.374
Ken Berry,Centerfielder,"CAL,MIL,CHW,CLE",1962,1975,4545,.255,.308,.344
Neil Berry,"Shortstop, Second Baseman and Third Baseman","SLB,DET,2TM,BAL,CHW",1948,1954,1230,.244,.317,.286
Sean Berry,Third Baseman and First Baseman,"KCR,2TM,HOU,MON,MIL,BOS",1990,2000,2692,.272,.334,.445
Damon Berryhill,Catcher,"BOS,CHC,2TM,ATL,SFG,CIN",1987,1997,2208,.240,.288,.368
Jon Berti,"Third Baseman, Second Baseman and Shortstop","NYY,CHC,MIA,TOR",2018,2025,1731,.256,.333,.357
Dick Bertell,Catcher,"CHC,2TM,SFG",1960,1967,1447,.250,.305,.312
Reno Bertoia,"Third Baseman, Second Baseman and Shortstop","3TM,DET,KCA,WSH,MIN",1953,1962,1960,.244,.303,.336
Bob Bescher,Leftfielder,"NYG,CLE,STL,CIN",1908,1918,5280,.258,.353,.351
Wilson Betemit,"Third Baseman, First Baseman and Shortstop","KCR,DET,ATL,2TM,NYY,BAL,LAD,CHW",2001,2013,2335,.267,.332,.442
Yuniesky Betancourt,"Shortstop, First Baseman and Third Baseman","KCR,MIL,2TM,SEA",2005,2013,4278,.261,.285,.388
Christian Bethancourt,Catcher and First Baseman,"MIA,ATL,2TM,CHC,OAK,SDP,TBR",2013,Not Found,1301,.229,.259,.362
Bruno Betzel,"Second Baseman, Third Baseman and Outfielder",STL,1914,1918,1579,.231,.278,.295
Mookie Betts,"Rightfielder, Shortstop and Second Baseman","LAD,BOS",2014,Not Found,7109,.288,.366,.509
Kurt Bevacqua,"Pinch Hitter, Third Baseman and Second Baseman","KCR,CLE,2TM,TEX,SDP,MIL,PIT",1971,1985,2398,.236,.305,.327
Dante Bichette,Outfielder,"BOS,2TM,CAL,MIL,CIN,COL",1988,2001,6856,.299,.336,.499
Bo Bichette,Shortstop and Third Baseman,"TOR,NYM",2019,Not Found,3616,.290,.333,.461
Lou Bierbauer,Second Baseman,"STL,BWW,PHA,PIT",1886,1898,6034,.267,.301,.354
Larry Bigbie,Leftfielder,"STL,2TM,COL,BAL",2001,2006,1367,.267,.331,.395
Cavan Biggio,"Second Baseman, Rightfielder and Third Baseman","3TM,KCR,TOR,2TM,ATL,LAD",2019,Not Found,1937,.223,.339,.373
Carson Bigbee,Leftfielder,PIT,1916,1926,4670,.287,.345,.369
Larry Biittner,"Outfielder, Pinch Hitter and First Baseman","WSA,CHC,2TM,TEX,MON,CIN",1970,1983,3443,.273,.324,.359
Dann Bilardello,Catcher,"SDP,MON,CIN,PIT",1983,1992,1041,.204,.257,.305
Craig Biggio,"Second Baseman, Catcher and Centerfielder",HOU,1988,2007,12504,.281,.363,.433
Steve Bilko,First Baseman,"STL,DET,2TM,CHC,LAA,LAD,CIN",1949,1962,1995,.249,.336,.444
Dick Billings,Catcher and Leftfielder,"WSA,TEX,2TM,STL",1968,1975,1345,.227,.281,.304
Jimmy Binder,Third Baseman and Second Baseman,"AB2,2TM,MRS,WEG",1930,Not Found,986,.263,.301,.317
George Binks,Outfielder and First Baseman,"WSH,PHA,2TM,SLB",1944,1948,1181,.253,.299,.344
Jud Birchall,Leftfielder,PHA,1882,1884,1044,.252,.279,.287
Joe Birmingham,Centerfielder,CLE,1906,1914,2882,.253,.294,.316
Max Bishop,Second Baseman,"PHA,BOS",1924,1935,5793,.271,.423,.366
Del Bissonette,First Baseman,BRO,1928,1933,2564,.305,.371,.486
Lena Blackburne,"Shortstop, Third Baseman and Second Baseman","BSN,2TM,PHI,CHW,CIN",1910,1929,2092,.214,.284,.268
Charlie Blackmon,Outfielder,COL,2011,2024,6825,.293,.353,.479
Charlie Blackwell,Outfielder,"SLS,2TM,SLG,BBB",1920,Not Found,1936,.327,.420,.496
Henry Blackmon,Third Baseman,"2TM,BBS,ABC",1920,Not Found,950,.272,.325,.384
Tim Blackwell,Catcher,"PHI,2TM,CHC,MON,BOS",1974,1983,1225,.228,.328,.305
Ray Blades,Leftfielder,STL,1922,1932,2846,.301,.395,.460
Clarence Blair,"Second Baseman, First Baseman and Third Baseman",CHC,1929,1931,945,.273,.308,.397
Paul Blair,Centerfielder,"2TM,BAL,NYY,CIN",1964,1980,6673,.250,.302,.382
Walter Blair,Catcher,"NYY,BUF",1907,1915,1387,.217,.272,.275
Casey Blake,"Third Baseman, Rightfielder and First Baseman","TOR,CLE,2TM,BAL,MIN,LAD",1999,2011,5091,.264,.336,.442
Harry Blake,Rightfielder,"STL,CLV",1894,1899,2183,.252,.336,.324
Hank Blalock,Third Baseman and First Baseman,"TEX,TBR",2002,2010,3928,.269,.329,.463
Johnny Blanchard,"Pinch Hitter, Outfielder and Catcher","3TM,KCA,MLN,2TM,NYY",1955,1965,1352,.239,.317,.441
Henry Blanco,Catcher,"SEA,TOR,ATL,CHC,2TM,SDP,MIN,MIL,LAD,NYM,COL,ARI",1997,2013,3087,.223,.288,.361
Andrés Blanco,"Second Baseman, Shortstop and Third Baseman","KCR,CHC,PHI,TEX",2004,2017,1321,.256,.310,.378
Grégor Blanco,Outfielder,"KCR,ATL,2TM,SFG,ARI",2008,2018,3349,.255,.338,.348
Lance Blankenship,"Outfielder, Second Baseman and Third Baseman",OAK,1988,1993,1292,.222,.350,.299
Kyle Blanks,Leftfielder and First Baseman,"TEX,SDP,2TM,OAK",2009,2015,933,.241,.322,.416
Larvell Blanks,"Shortstop, Second Baseman and Third Baseman","TEX,ATL,CLE",1972,1980,1953,.253,.302,.335
Don Blasingame,Second Baseman and Shortstop,"STL,WSA,KCA,2TM,SFG,CIN",1955,1966,5938,.258,.329,.327
Jeff Blauser,"Shortstop, Second Baseman and Third Baseman","ATL,CHC",1987,1999,5271,.262,.354,.406
JJ Bleday,Outfielder,"ATH,MIA,OAK,CIN",2022,Not Found,1723,.221,.314,.414
Curt Blefary,"Outfielder, First Baseman and Catcher","2TM,NYY,OAK,BAL,HOU,SDP",1965,1972,3490,.237,.342,.400
Ron Blomberg,"Designated Hitter, First Baseman and Rightfielder","NYY,CHW",1969,1978,1493,.293,.360,.473
Jimmy Bloodworth,Second Baseman and First Baseman,"DET,WSH,2TM,PHI,CIN,PIT",1937,1951,3789,.248,.292,.358
Willie Bloomquist,"Outfielder, Shortstop and Third Baseman","KCR,SEA,2TM,CIN,ARI",2002,2015,3136,.269,.316,.342
Mike Blowers,Third Baseman and First Baseman,"LAD,SEA,NYY,OAK",1989,1999,2585,.257,.329,.416
Lu Blue,First Baseman,"SLB,BRO,DET,CHW",1921,1933,7223,.287,.402,.401
Ossie Bluege,"Third Baseman, Shortstop and Second Baseman",WSH,1922,1939,7458,.272,.352,.356
Geoff Blum,"Third Baseman, Second Baseman and Shortstop","2TM,HOU,TBD,SDP,MON,CHW,ARI",1999,2012,4393,.250,.310,.384
John Boccabella,"Catcher, First Baseman and Leftfielder","CHC,MON,SFG",1963,1974,1598,.219,.267,.317
Willie Bobo,First Baseman,"SLS,KCM,2TM,NEG,CTG",1923,Not Found,1479,.313,.408,.476
Bruce Bochte,First Baseman and Leftfielder,"SEA,CLE,2TM,OAK,CAL",1974,1986,5994,.282,.360,.396
Tony Boeckel,Third Baseman,"BSN,2TM,PIT",1917,1923,3201,.282,.339,.381
Ping Bodie,Outfielder,"PHA,NYY,CHW",1911,1921,4182,.275,.335,.396
Tim Bogar,"Shortstop, Third Baseman and First Baseman","LAD,HOU,NYM",1993,2001,1710,.228,.298,.332
Xander Bogaerts,Shortstop and Second Baseman,"SDP,BOS",2013,Not Found,7343,.285,.349,.442
Brennan Boesch,Rightfielder,"LAA,DET,NYY,CIN",2010,2015,1713,.250,.303,.400
Wade Boggs,Third Baseman,"TBD,NYY,BOS",1982,1999,10740,.328,.415,.443
Alec Bohm,Third Baseman and First Baseman,PHI,2020,Not Found,3228,.274,.323,.411
Bruce Boisclair,Outfielder and Pinch Hitter,NYM,1974,1979,1030,.263,.324,.360
Sam Bohne,"Second Baseman, Shortstop and Third Baseman","BRO,STL,2TM,CIN",1916,1926,2594,.261,.321,.359
Joe Boley,Shortstop,"2TM,PHA,CLE",1927,1932,1982,.269,.323,.354
Frank Bolling,Second Baseman,"MLN,ATL,DET",1954,1966,6190,.254,.313,.366
Milt Bolling,"Shortstop, Second Baseman and Third Baseman","2TM,WSH,DET,BOS",1952,1958,1330,.241,.313,.345
Cliff Bolton,Catcher,"WSH,DET",1931,1941,1078,.291,.366,.398
Walt Bond,Outfielder and First Baseman,"MIN,HOU,CLE",1960,1967,1338,.256,.323,.410
Barry Bonds,Leftfielder,"PIT,SFG",1986,2007,12606,.298,.444,.607
Bobby Bonds,Rightfielder,"STL,CLE,2TM,CHC,NYY,SFG,CAL,TEX,CHW",1968,1981,8090,.268,.353,.471
Emilio Bonifácio,"Outfielder, Second Baseman and Third Baseman","KCR,MIA,TOR,2TM,CHC,ATL,FLA,WSN,CHW,ARI",2007,2020,2897,.256,.312,.333
Juan Bonilla,Second Baseman and Third Baseman,"SDP,BAL,NYY",1981,1987,1616,.256,.314,.317
Bobby Bonilla,"Third Baseman, Rightfielder and First Baseman","STL,2TM,ATL,BAL,FLA,LAD,CHW,NYM,PIT",1986,2001,8257,.279,.358,.472
Barry Bonnell,Outfielder and Third Baseman,"ATL,SEA,TOR",1977,1986,3354,.272,.323,.389
Frank Bonner,"Second Baseman, Shortstop and Third Baseman","BRO,STL,WHS,CLE,BSN,2TM,PHA,BLN",1894,1903,1030,.257,.305,.333
Zeke Bonura,First Baseman,"WSH,CHC,2TM,NYG,CHW",1934,1940,4029,.307,.380,.487
Bob Boone,Catcher,"CAL,PHI,KCR",1972,1990,8148,.254,.315,.346
Bret Boone,Second Baseman,"SEA,ATL,2TM,SDP,MIN,CIN",1992,2005,7433,.266,.325,.442
Aaron Boone,Third Baseman and First Baseman,"CLE,2TM,NYY,HOU,FLA,WSN,CIN",1997,2009,4333,.263,.326,.425
Ike Boone,Rightfielder,"BRO,NYG,CHW,BOS",1922,1932,1314,.321,.394,.475
Luke Boone,"Second Baseman, Shortstop and Third Baseman","PIT,NYY",1913,1918,1174,.209,.282,.261
Eddie Booth,Outfielder and Second Baseman,"MAN,NYU,2TM,BRA,RES",1872,1876,1023,.239,.244,.293
Ray Boone,"Third Baseman, Shortstop and First Baseman","3TM,DET,CLE,KCA,MLN,2TM,CHW,BOS",1948,1960,5299,.275,.361,.429
Frenchy Bordagaray,Outfielder and Third Baseman,"BRO,STL,NYY,CHW,CIN",1934,1945,2872,.283,.331,.366
Pat Borders,Catcher,"KCR,3TM,SEA,STL,TOR,CLE,2TM,HOU,CAL,MIN,CHW",1988,2005,3499,.253,.288,.375
Mike Bordick,Shortstop and Second Baseman,"TOR,2TM,BAL,OAK,NYM",1990,2003,6484,.260,.323,.362
Glenn Borgmann,Catcher,"MIN,CHW",1972,1980,1526,.229,.325,.304
Bob Borkowski,Outfielder and Pinch Hitter,"CHC,2TM,BRO,CIN",1950,1955,1262,.251,.298,.346
Steve Boros,Third Baseman,"CHC,DET,CIN",1957,1965,1474,.245,.344,.359
Babe Borton,First Baseman,"SLB,2TM,NYY,SLM,CHW",1912,1916,1147,.270,.381,.352
Rick Bosetti,Centerfielder,"STL,TOR,PHI,2TM,OAK",1976,1982,1656,.250,.288,.338
Thad Bosley,Outfielder and Pinch Hitter,"KCR,SEA,CHC,2TM,CAL,TEX,MIL,CHW",1977,1990,1755,.272,.330,.357
Lyman Bostock,Outfielder,"CAL,MIN",1975,1978,2214,.311,.365,.427
David Bote,Third Baseman and Second Baseman,CHC,2018,Not Found,1213,.234,.318,.392
Daryl Boston,Outfielder,"2TM,NYY,CHW,NYM,COL",1984,1994,2901,.249,.312,.410
Ken Boswell,"Second Baseman, Pinch Hitter and Third Baseman","HOU,NYM",1967,1977,2816,.248,.313,.337
Jim Bottomley,First Baseman,"SLB,STL,CIN",1922,1937,8358,.310,.369,.500
Ed Bouchee,First Baseman,"PHI,2TM,CHC,NYM",1956,1962,2594,.265,.368,.419
Justin Bour,First Baseman,"2TM,LAA,MIA,PHI",2014,2019,1950,.253,.337,.457
Lou Boudreau,Shortstop,"BOS,CLE",1938,1952,7025,.295,.380,.415
Peter Bourjos,Centerfielder,"STL,PHI,ATL,TBR,LAA",2010,2019,2334,.237,.293,.376
Michael Bourn,Centerfielder,"CLE,PHI,2TM,ATL,BAL,HOU,ARI",2006,2016,5323,.266,.329,.357
Rafael Bournigal,Shortstop and Second Baseman,"SEA,LAD,OAK",1992,1999,1035,.251,.301,.318
Larry Bowa,Shortstop,"PHI,2TM,CHC,NYM",1970,1985,9109,.260,.300,.320
Sam Bowens,Rightfielder,"WSA,BAL",1963,1969,1419,.223,.283,.375
Frank Bowerman,Catcher and First Baseman,"BSN,2TM,NYG,PIT,BLN",1895,1909,3662,.250,.287,.314
Bob Boyd,"First Baseman, Pinch Hitter and Leftfielder","KCA,MLN,2TM,MRS,BAL,CHW",1947,1961,2307,.298,.355,.396
Clete Boyer,"Third Baseman, Shortstop and Second Baseman","KCA,ATL,NYY",1955,1971,6368,.242,.299,.372
Ken Boyer,Third Baseman and Centerfielder,"STL,2TM,LAD,CHW,NYM",1955,1969,8274,.287,.349,.462
Buzz Boyle,Outfielder,"BSN,BRO",1929,1935,1474,.290,.347,.395
Jack Boyle,"Catcher, First Baseman and Third Baseman","STL,PHI,NYG,CIN,CHI",1886,1898,4663,.253,.315,.328
Gibby Brack,Outfielder and First Baseman,"2TM,BRO,PHI",1937,1939,1083,.279,.341,.436
Buddy Bradford,Outfielder,"STL,CLE,2TM,CHW,CIN",1966,1976,1834,.226,.311,.364
Bill Bradley,Third Baseman,"CLE,CHC,BTT,KCP",1899,1915,6053,.271,.317,.371
Hugh Bradley,First Baseman and Rightfielder,"PBS,3TM,NEW,BTT,BOS",1910,1915,1025,.261,.314,.344
Jackie Bradley Jr.,Centerfielder,"KCR,TOR,2TM,MIL,BOS",2013,2023,4192,.225,.303,.381
Milton Bradley,Outfielder,"SEA,CLE,2TM,CHC,OAK,TEX,SDP,MON,LAD",2000,2011,4181,.271,.364,.440
Phil Bradley,Leftfielder,"SEA,PHI,2TM,BAL,CHW",1983,1990,4255,.286,.369,.421
Scott Bradley,Catcher and Pinch Hitter,"SEA,2TM,NYY,CHW,CIN",1984,1992,1801,.257,.302,.343
Steve Brady,"Rightfielder, First Baseman and Second Baseman","2TM,HAR,NYP,WAS",1874,1886,2133,.261,.296,.311
Darren Bragg,Outfielder,"NYM,SEA,STL,CIN,2TM,ATL,NYY,SDP,BOS,COL",1994,2004,2835,.255,.340,.381
Bobby Bragan,"Shortstop, Catcher and Third Baseman","PHI,BRO",1940,1948,2051,.240,.282,.309
Dave Brain,"Third Baseman, Shortstop and Outfielder","STL,BSN,2TM,NYG,CHW,CIN,PIT",1901,1908,2752,.252,.292,.363
Glenn Braggs,Outfielder,"2TM,MIL,CIN",1986,1992,2609,.257,.322,.405
Al Brancato,Shortstop and Third Baseman,PHA,1939,1945,1038,.214,.290,.290
Ron Brand,"Catcher, Shortstop and Third Baseman","MON,PIT,HOU",1963,1971,1500,.239,.303,.282
Jackie Brandt,Outfielder,"STL,2TM,PHI,BAL,SFG,HOU,NYG",1956,1967,4318,.262,.323,.412
Kitty Bransfield,First Baseman,"BSN,PHI,2TM,CHC,PIT",1898,1911,5397,.270,.304,.353
Jeff Branson,"Third Baseman, Second Baseman and Pinch Hitter","CLE,2TM,LAD,CIN",1992,2001,1720,.246,.300,.372
Russell Branyan,"Third Baseman, First Baseman and Outfielder","3TM,SEA,STL,CLE,2TM,PHI,TBD,SDP,MIL,LAA,CIN,ARI",1998,2011,3398,.232,.329,.485
Mickey Brantley,Outfielder,SEA,1986,1989,1222,.259,.300,.407
Michael Brantley,Leftfielder,"HOU,CLE",2009,2023,6149,.298,.355,.439
Steve Braun,"Leftfielder, Pinch Hitter and Third Baseman","KCR,SEA,STL,TOR,2TM,MIN",1971,1985,4295,.271,.371,.367
Ryan Braun,Leftfielder and Third Baseman,MIL,2007,2020,7340,.296,.358,.532
Sid Bream,First Baseman,"2TM,ATL,HOU,LAD,PIT",1983,1994,3531,.264,.336,.420
Marv Breeding,Second Baseman and Third Baseman,"WSA,2TM,BAL,LAD",1960,1963,1352,.250,.288,.314
Alex Bregman,Third Baseman and Shortstop,"CHC,HOU,BOS",2016,Not Found,5664,.271,.364,.473
Bob Brenly,"Catcher, First Baseman and Third Baseman","2TM,SFG,TOR",1981,1989,3002,.247,.330,.403
Roger Bresnahan,Catcher and Centerfielder,"STL,WHS,CHC,2TM,BLA,NYG",1897,1915,5389,.279,.386,.377
Eddie Bressoud,"Shortstop, Second Baseman and Third Baseman","BOS,STL,SFG,NYG,NYM",1956,1967,4108,.252,.319,.401
George Brett,Third Baseman and First Baseman,KCR,1973,1993,11625,.305,.369,.487
Rube Bressler,"Leftfielder, First Baseman and Pitcher","BRO,STL,2TM,PHI,CIN,PHA",1914,1932,4499,.301,.378,.413
Fred Brickell,Outfielder,"2TM,PIT,PHI",1926,1933,1582,.281,.335,.363
Rocky Bridges,"Shortstop, Second Baseman and Third Baseman","3TM,BRO,DET,STL,CLE,2TM,WSH,LAA,CIN",1951,1961,2538,.247,.310,.313
Al Bridwell,"Shortstop, Second Baseman and Third Baseman","BSN,2TM,CHC,SLM,NYG,CIN",1905,1915,4953,.255,.347,.295
John Briggs,Outfielder and First Baseman,"PHI,2TM,MIL,MIN",1964,1975,4838,.253,.355,.416
Otto Briggs,Rightfielder,"HIL,2TM,PBG",1923,Not Found,1570,.293,.379,.364
Harry Bright,"First Baseman, Pinch Hitter and Third Baseman","WSA,2TM,CHC,NYY,CIN,PIT",1958,1965,919,.255,.309,.416
Reid Brignac,"Shortstop, Second Baseman and Third Baseman","MIA,2TM,PHI,ATL,NYY,TBR,COL",2008,2016,951,.219,.264,.309
Greg Briley,Outfielder and Pinch Hitter,"SEA,FLA",1988,1993,1670,.253,.310,.372
Ed Brinkman,Shortstop,"3TM,STL,DET,WSA,2TM,NYY,TEX",1961,1975,6642,.224,.280,.300
Lewis Brinson,Outfielder,"MIL,MIA,SFG",2017,2022,1150,.198,.246,.328
Fatty Briody,Catcher,"COR,2TM,SLM,KCC,TRO,KCN,DTN,CLV",1880,1888,1231,.228,.257,.292
Greg Brock,First Baseman,"MIL,LAD",1982,1991,3695,.248,.338,.399
Lou Brock,Leftfielder,"CHC,2TM,STL",1961,1979,11240,.293,.343,.410
Steve Brodie,Centerfielder,"STL,BSN,2TM,BLA,NYG,PIT,BLN",1890,1902,6343,.303,.365,.381
Jack Brohamer,Second Baseman and Third Baseman,"BOS,2TM,CHW,CLE",1972,1980,2795,.245,.306,.327
Rico Brogna,First Baseman,"BOS,DET,PHI,2TM,ATL,NYM",1992,2001,3223,.269,.320,.445
Tom Brookens,"Third Baseman, Second Baseman and Shortstop","DET,NYY,CLE",1979,1990,4258,.246,.296,.367
Hubie Brooks,"Rightfielder, Third Baseman and Shortstop","KCR,CAL,MON,LAD,NYM",1980,1994,6476,.269,.315,.403
Scott Brosius,"Third Baseman, Outfielder and First Baseman","OAK,NYY",1991,2001,4356,.257,.323,.422
Ben Broussard,First Baseman and Leftfielder,"TEX,2TM,SEA,CLE",2002,2008,2357,.263,.324,.450
Mark Brouhard,Outfielder,MIL,1980,1985,985,.259,.305,.400
Frank Brower,Rightfielder and First Baseman,"WSH,CLE",1920,1924,1531,.286,.379,.443
Dan Brouthers,First Baseman,"BRO,BUF,BSN,2TM,PHI,NYG,TRO,BOS,DTN,LOU,BLN",1879,1904,7691,.342,.423,.520
Adrian Brown,Outfielder,"KCR,TEX,BOS,PIT",1997,2006,1272,.258,.325,.340
Brant Brown,"Outfielder, Pinch Hitter and First Baseman","CHC,2TM,PIT,FLA",1996,2000,1150,.247,.301,.445
Bobby Brown,Third Baseman and Shortstop,NYY,1946,1954,1863,.279,.367,.376
Bobby Brown,Outfielder,"SEA,TOR,2TM,NYY,SDP",1979,1985,1393,.245,.295,.355
Chris Brown,Third Baseman,"SDP,2TM,DET,SFG",1984,1989,1690,.269,.333,.392
Domonic Brown,Outfielder,PHI,2010,2015,1748,.246,.305,.405
Dick Brown,Catcher,"BAL,DET,CHW,CLE",1957,1965,2031,.244,.291,.380
Emil Brown,Outfielder,"KCR,2TM,OAK,SDP,NYM,PIT",1997,2009,2508,.258,.323,.398
Eddie Brown,Outfielder,"BSN,NYG,BRO",1920,1928,3127,.303,.334,.400
Gates Brown,Pinch Hitter and Leftfielder,DET,1963,1975,2545,.257,.330,.420
Jimmy Brown,"Second Baseman, Third Baseman and Shortstop","PIT,STL",1937,1946,3835,.279,.326,.352
Jim Brown,"Catcher, First Baseman and Rightfielder","CAG,2TM,LVB",1920,Not Found,2520,.274,.339,.372
Larry Brown,"Shortstop, Second Baseman and Third Baseman","CLE,2TM,BAL,OAK,TEX",1963,1974,3872,.233,.300,.313
Larry Brown,Catcher,"CAG,2TM,MRS,ABC",1923,Not Found,2587,.263,.344,.353
Lew Brown,"Catcher, First Baseman and Rightfielder","BSN,2TM,CHC,PRO,BOS,DTN,LOU",1876,1884,1576,.248,.269,.362
Mike Brown,Rightfielder,"CAL,2TM,PIT",1983,1988,996,.265,.321,.411
Ollie Brown,Rightfielder,"3TM,2TM,PHI,OAK,SFG,HOU,SDP,MIL",1965,1977,4012,.265,.324,.394
Seth Brown,Outfielder and First Baseman,"ATH,OAK",2019,Not Found,1804,.226,.292,.419
Tom Brown,Outfielder,"IND,STL,WHS,BSN,2TM,LOU,BAL,BOS,COL,PIT",1882,1898,8221,.265,.336,.361
Tommy Brown,"Shortstop, Pinch Hitter and Leftfielder","BRO,2TM,CHC,PHI",1944,1953,1387,.241,.292,.355
William Brown,"First Baseman, Catcher and Outfielder","NYI,STL,2TM,PHI,NYG,LOU,BLN",1887,1894,1729,.261,.319,.338
Byron Browne,Outfielder and Pinch Hitter,"CHC,PHI,STL,HOU",1965,1972,982,.236,.318,.405
George Browne,Rightfielder,"BRO,BSN,PHI,2TM,CHC,WSH,NYG,CHW",1901,1912,4729,.273,.318,.339
Willard Brown,Outfielder and Shortstop,"2TM,SLB,KCM",1937,1947,1886,.353,.400,.584
Jerry Browne,"Second Baseman, Outfielder and Third Baseman","TEX,FLA,OAK,CLE",1986,1995,3707,.271,.351,.351
Pete Browning,"Outfielder, Third Baseman and Second Baseman","BRO,STL,CLE,2TM,LOU,CIN,PIT",1882,1894,5315,.341,.403,.467
Keon Broxton,Centerfielder,"3TM,SEA,2TM,BAL,MIL,NYM,PIT",2015,2019,1026,.209,.297,.388
Bill Brubaker,"Third Baseman, Second Baseman and First Baseman","BSN,PIT",1932,1943,1756,.264,.333,.373
Jay Bruce,Rightfielder and First Baseman,"SEA,CLE,CIN,2TM,PHI,NYY,NYM",2008,2021,6642,.244,.314,.467
Tom Brunansky,Rightfielder,"STL,2TM,CAL,MIN,MIL,BOS",1981,1994,7169,.245,.327,.434
Jacob Brumfield,Outfielder,"TOR,2TM,LAD,CIN,PIT",1992,1999,1747,.257,.318,.393
Bill Bruton,Centerfielder,"MLN,DET",1953,1964,6671,.273,.328,.393
Billy Bryan,Catcher and Pinch Hitter,"KCA,2TM,WSA,NYY",1961,1968,1070,.216,.284,.395
Kris Bryant,"Third Baseman, Outfielder and First Baseman","COL,CHC,2TM,SFG",2015,Not Found,4550,.273,.368,.483
Steve Brye,Outfielder,"MIN,MIL,PIT",1970,1978,2184,.258,.309,.365
Jerry Buchek,"Second Baseman, Shortstop and Third Baseman","STL,NYM",1961,1968,1275,.220,.269,.325
Jim Bucher,"Third Baseman, Second Baseman and Outfielder","BRO,STL,BOS",1934,1945,1914,.265,.302,.351
John Buck,Catcher,"KCR,SEA,MIA,TOR,2TM,FLA,LAA,NYM,PIT",2004,2014,4009,.234,.301,.398
Travis Buck,Outfielder,"OAK,HOU,CLE",2007,2012,910,.243,.316,.399
Dick Buckley,Catcher and Third Baseman,"STL,2TM,PHI,NYG,IND",1888,1895,1974,.245,.291,.342
Bill Buckner,First Baseman and Leftfielder,"KCR,CHC,2TM,CAL,LAD,BOS",1969,1990,10037,.289,.321,.408
Don Buddin,Shortstop,"DET,2TM,HOU,BOS",1956,1962,2766,.241,.358,.359
Steve Buechele,Third Baseman and Second Baseman,"TEX,2TM,CHC,PIT",1985,1995,4790,.245,.316,.394
Fritz Buelow,Catcher,"SLB,DET,STL,CLE,2TM",1899,1907,1489,.192,.238,.251
Damon Buford,Centerfielder,"NYM,2TM,CHC,BAL,TEX,BOS",1993,2001,2072,.242,.311,.385
Don Buford,"Leftfielder, Second Baseman and Third Baseman","BAL,CHW",1963,1972,5347,.264,.362,.379
Jay Buhner,Rightfielder,"2TM,SEA,NYY",1987,2001,5927,.254,.359,.494
Al Bumbry,Centerfielder,"SDP,BAL",1972,1985,5619,.281,.343,.378
Al Burch,Outfielder,"2TM,BRO,STL",1906,1911,2432,.254,.312,.299
Buddy Burbage,Outfielder,"SEN,2TM,NBY,BEG,BBS",1929,Not Found,910,.298,.367,.430
Jack Burdock,Second Baseman and Third Baseman,"BRO,NYU,BSN,2TM,BRA,HAR",1872,1891,5065,.250,.273,.315
Jake Burger,First Baseman and Third Baseman,"TEX,2TM,MIA,CHW",2021,Not Found,2007,.247,.298,.464
Smoky Burgess,Catcher and Pinch Hitter,"CHC,2TM,PHI,CHW,CIN,PIT",1949,1967,5014,.295,.362,.446
Chris Burke,"Outfielder, Second Baseman and Shortstop","SDP,HOU,ARI",2004,2009,1443,.239,.315,.359
Eddie Burke,Leftfielder and Second Baseman,"2TM,PHI,NYG,MIL,CIN,PIT",1890,1897,3938,.280,.352,.378
Jimmy Burke,"Third Baseman, Second Baseman and Shortstop","3TM,STL,2TM,MLA,CHW,PIT,CLV",1898,1905,2148,.244,.295,.289
Jesse Burkett,Leftfielder,"SLB,STL,NYG,BOS,CLV",1890,1905,9641,.338,.415,.446
Ellis Burks,Outfielder,"CLE,2TM,SFG,CHW,BOS,COL",1987,2004,8177,.291,.363,.510
Rick Burleson,Shortstop and Second Baseman,"CAL,BAL,BOS",1974,1987,5717,.273,.328,.361
Alec Burleson,Outfielder and First Baseman,STL,2022,Not Found,1852,.271,.324,.433
Johnny Burnett,"Shortstop, Third Baseman and Second Baseman","SLB,CLE",1927,1935,2042,.284,.345,.366
Jeromy Burnitz,Rightfielder,"CLE,2TM,CHC,MIL,LAD,NYM,COL,PIT",1993,2006,6580,.253,.345,.481
Ed Burns,Catcher,"PHI,STL",1912,1918,904,.230,.308,.271
George Burns,Outfielder,"PHI,NYG,CIN",1911,1925,8254,.287,.366,.384
George Burns,First Baseman,"DET,CLE,2TM,NYY,BOS,PHA",1914,1929,7249,.307,.354,.429
Jack Burns,First Baseman,"2TM,SLB,DET",1930,1936,3966,.280,.351,.392
Thomas Burns,"Rightfielder, Shortstop and Third Baseman","BRO,2TM,BAL,NYG,WIL",1884,1895,5160,.300,.368,.445
Tom Burns,"Third Baseman, Shortstop and Second Baseman","CHC,PIT",1880,1892,5198,.266,.305,.365
Pat Burrell,Leftfielder and First Baseman,"PHI,2TM,TBR,SFG",2000,2011,6520,.253,.361,.472
Jeff Burroughs,Outfielder,"SEA,TOR,WSA,ATL,OAK,TEX",1970,1985,6449,.261,.355,.439
Sean Burroughs,Third Baseman,"TBD,SDP,MIN,ARI",2002,2012,1823,.278,.335,.355
Dick Burrus,First Baseman,"BSN,PHA",1919,1928,1954,.291,.347,.373
Ed Busch,Shortstop and Second Baseman,PHA,1943,1945,1000,.262,.311,.298
Jim Busby,Centerfielder,"CLE,2TM,WSH,BAL,HOU,CHW,BOS",1950,1962,4656,.262,.314,.350
Michael Busch,First Baseman,"CHC,LAD",2023,Not Found,1566,.249,.342,.457
Donie Bush,Shortstop,"2TM,DET,WSH",1908,1923,8776,.250,.356,.300
Randy Bush,"Outfielder, Pinch Hitter and Designated Hitter",MIN,1982,1993,3481,.251,.334,.413
Homer Bush,Second Baseman and Shortstop,"TOR,2TM,NYY,FLA",1997,2004,1377,.285,.324,.358
Doc Bushong,Catcher,"ATH,BRO,WOR,STL,BRA,CLV",1875,1890,2527,.214,.255,.252
Sal Butera,Catcher,"DET,TOR,2TM,MON,MIN,CIN",1980,1988,911,.227,.302,.295
Drew Butera,Catcher and First Baseman,"KCR,2TM,MIN,LAA,LAD,COL",2010,2021,1473,.196,.252,.290
Art Butler,"Shortstop, Second Baseman and Outfielder","STL,BSN,PIT",1911,1916,1490,.241,.323,.303
Billy Butler,Designated Hitter and First Baseman,"KCR,2TM,OAK,NYY",2007,2016,5686,.290,.354,.441
Brett Butler,Centerfielder,"CLE,ATL,2TM,SFG,LAD,NYM",1981,1997,9545,.290,.377,.376
Johnny Butler,Shortstop and Third Baseman,"CHC,BRO,STL",1926,1929,1415,.252,.320,.317
Lawrence Butler,Rightfielder,"ATH,OAK",2023,Not Found,1413,.234,.298,.409
Byron Buxton,Centerfielder,MIN,2015,Not Found,3700,.250,.310,.496
Tommy Butts,Shortstop,"IAB,2TM,BEG,BCA",1938,Not Found,2078,.272,.339,.340
Marlon Byrd,Outfielder,"NYM,CLE,CIN,PHI,2TM,CHC,SFG,TEX,WSN,BOS,PIT",2002,2016,6123,.275,.329,.430
Bobby Byrne,Third Baseman and Second Baseman,"STL,2TM,PHI,CHW,PIT",1907,1917,5496,.254,.324,.323
Samuel Byrd,Outfielder,"NYY,CIN",1929,1936,1935,.274,.350,.412
Milt Byrnes,Outfielder,SLB,1943,1945,1520,.274,.373,.395
Eric Byrnes,Outfielder,"3TM,SEA,2TM,BAL,OAK,COL,ARI",2000,2010,3532,.258,.320,.439
